TYPE,INDICATOR,CREATED
hostname,www.delldrivers.in,1/19/2023 21:34
hostname,update.delldrivers.in,1/19/2023 21:34
hostname,update.adboeonline.net,1/19/2023 21:34
hostname,scm.oracleapps.org,1/19/2023 21:34
hostname,mail.indiarailways.net,1/19/2023 21:34
hostname,pfs1010.xyz,1/19/2023 21:34
hostname,delldrivers.in,1/19/2023 21:34
ip,158.247.222.6,1/19/2023 21:34
ip,152.32.181.16,1/19/2023 21:34
hash,ad22f4731ab228a8b63510a3ab6c1de5760182a7fe9ff98a8e9919b0cf100c58,1/19/2023 21:34
hash,8549c5bafbfad6c7127f9954d0e954f9550d9730ec2e06d6918c050bf3cb19c3,1/19/2023 21:34
hash,6828b5ec8111e69a0174ec14a2563df151559c3e9247ef55aeaaf8c11ef88bfa,1/19/2023 21:34
hash,67c911510e257b341be77bc2a88cedc99ace2af852f7825d9710016619875e80,1/19/2023 21:34
hash,5bb99755924ccb6882fc0bdedb07a482313daeaaa449272dc291566cd1208ed5,1/19/2023 21:34
hash,cfd9884511f2b5171c00570da837c31094e2ec72,1/19/2023 21:34
hash,540e50b57b648df5e91f7e09df4c2e0e0177c668,1/19/2023 21:34
hash,3a311e1143ae8eddc5e5c201a3c59051730c4050,1/19/2023 21:34
hash,1cf1985aec3dd1f7040d8e9913d9286a52243aca,1/19/2023 21:34
hash,b54cbde68c020136ebd424fc3f33e4a7,1/19/2023 21:34
hash,008a71c9a5167985ae6fedd63a50a902,1/19/2023 21:34
hostname,pfs1010.com,1/19/2023 21:34
hostname,mfaantivirus.xyz,1/19/2023 21:34
hostname,uc.ejalase.org,1/19/2023 19:11
hostname,support.vpnkerio.com,1/19/2023 19:11
hostname,srv.payamradio.com,1/19/2023 19:11
hostname,srv.fazlollah.net,1/19/2023 19:11
hostname,proxy.oracleapps.org,1/19/2023 19:11
hostname,plastic.delldrivers.in,1/19/2023 19:11
hostname,picture.efanshion.com,1/19/2023 19:11
hostname,news.alberto2011.com,1/19/2023 19:11
hostname,mci.ejalase.org,1/19/2023 19:11
hostname,mail.irir.org,1/19/2023 19:11
hostname,info.payamradio.com,1/19/2023 19:11
hostname,info.payamra-dio.com,1/19/2023 19:11
hostname,info.fazlollah.net,1/19/2023 19:11
hostname,info.fazlol-lah.net,1/19/2023 19:11
hostname,cloud.skypecloud.net,1/19/2023 19:11
hostname,cloud.fastpaymentser-vice.com,1/19/2023 19:11
hostname,7f4d9fcanet.microsoftshop.org,1/19/2023 19:11
hostname,62ffauc.ejalase.org,1/19/2023 19:11
hostname,29c04uc.ejalase.org,1/19/2023 19:11
hostname,250f7cloud.crmdev.org,1/19/2023 19:11
hostname,vpnkerio.com,1/19/2023 19:11
hostname,microsoftshop.org,1/19/2023 19:11
url,http://mail.irir.org:443,1/19/2023 19:11
ip,70.34.248.149,1/19/2023 19:11
ip,43.251.105.139,1/19/2023 19:11
ip,199.247.19.242,1/19/2023 19:11
ip,192.155.86.128,1/19/2023 19:11
ip,185.80.201.87,1/19/2023 19:11
ip,152.32.181.55,1/19/2023 19:11
ip,140.82.38.177,1/19/2023 19:11
ip,136.244.112.39,1/19/2023 19:11
ip,103.152.14.162,1/19/2023 19:11
hash,fcd08daed23591d77cd8031eb292ef30f1024d610d5716f4af75cddb1c729c04,1/19/2023 19:11
hash,f293ab13a04ff32ebfbe925b42eca80a57604d231ae36e22834bea0dbdcf26e2,1/19/2023 19:11
hash,ee7b0b19240e1083ca8c6183b578abc70f19b7c99c91af9842338524fa6b879e,1/19/2023 19:11
hash,ec6fcff9ff738b6336b37aaa22e8afa7d66d9f71411430942aed05e98b3f4cd5,1/19/2023 19:11
hash,e6e419601852d1d5f6e762a7b32b86197d554fb7e31611c006c73d39ea58b4c1,1/19/2023 19:11
hash,e43d66b7a4fa09a0714c573fbe4996770d9d85e31912480e73344124017098f9,1/19/2023 19:11
hash,e0f096731f9095d6efdc65a36d14fce554fa6ba544eab835dbe1f424fb8e6d8c,1/19/2023 19:11
hash,e05648822e7fe93c8d87aedccdd1f80e6d579ef7d4ebc3504bf20d501931c46e,1/19/2023 19:11
hash,d3eadfdc74766da80dba13ed5a74344e525cc0bc6ebf2364c4b41417d66c954e,1/19/2023 19:11
hash,d2f10ece652babdf8f67385ab9bc881c34f6be996bfb6b65c936a8e2f2a682ab,1/19/2023 19:11
hash,d2012430690fbd0f27cacc761a26cca544e29e926a23c7efe3a678080bc32b6e,1/19/2023 19:11
hash,c9d5dc956841e000bfd8762e2f0b48b66c79b79500e894b4efa7fb9ba17e4e9e,1/19/2023 19:11
hash,bc5f0aa3235d6617910f04e7c2a30554fcead33560f8821cf40b3c0873d38a7b,1/19/2023 19:11
hash,ba757a4d3560e18c198110ac2f3d610a9f4ffb378f29fd29cd91a66e2529a67c,1/19/2023 19:11
hash,b802d06e9026105c8015ecd4e59dd75c5cefd90ad8edb2b1f1b4a25834a12f3b,1/19/2023 19:11
hash,b2ddbd9059c64760394d227cdcf3722708eccf598b9efb20e969d7bd4623c963,1/19/2023 19:11
hash,b03fe49036c3830f149135068ff54f5c6c6622008a6fcb7edbf6b352e9a0acc0,1/19/2023 19:11
hash,afd7a46d27101aaa92dee06b766a0ac54399aae5a7842b3aeb0ed468e182da15,1/19/2023 19:11
hash,ab0bd2d1cd9f27532e8f0da8d0ebf6bbbfc1e5e96a78f436a52e62d6645d62a2,1/19/2023 19:11
hash,a8dca2afb4956b1d9461f413254918669e2bfe7f1e54c7dbd44495574dab73fb,1/19/2023 19:11
hash,9d167adc290de378071c31cfd8f2059523e978c6f14a7079157d564f976c544b,1/19/2023 19:11
hash,89fa21c871572c227274d7836c88e815b748db63f6a662553a43cc1dd086667c,1/19/2023 19:11
hash,86f49d43df677457d3d4c9466345e2f85d558cd469953c163e4a50daaa1efe1f,1/19/2023 19:11
hash,82c2d7df34a1299c55793b5ff1d09f7cd63352f5a14a5f12cf6bf3df99f28310,1/19/2023 19:11
hash,7bd53a3dbebbd10ad610b8c2c7d7f0ba4ca80e119ede071d428bcea618af1039,1/19/2023 19:11
hash,76245b0d43f98a667ad8be6eb150133791de3a9075970a8fb9b7f305ace5168f,1/19/2023 19:11
hash,6f2617bc30f2e7b9d7ff979d08b3ce1939f1cfb3c154ccc722940b3cc9737b31,1/19/2023 19:11
hash,631d335917c1c600a980391223ad47870278c6690d14bb8e9d3e73147aa18ed1,1/19/2023 19:11
hash,5f3e74001938c10d13bd3ffc578acdb7c9cb0ffa364a07ffa7e524d43333be0f,1/19/2023 19:11
hash,5cbfa1047527a44bf8cdf830077c11ab5d54f7663c8c0a91676cb1157005c14d,1/19/2023 19:11
hash,588c3602af97e2076596b0f18169e18298a45a658b5b7d2aeb997c2f6e856b02,1/19/2023 19:11
hash,57c9a4103dd3cc0ebab335debeb9cdb0935882dc9470c18e71e3bf9622852a59,1/19/2023 19:11
hash,558cb35b275eb1dbfe7378323d5e7259f1be114bca22e6806daf85c47131db20,1/19/2023 19:11
hash,54459379811848234156b7d10be87d5e0492921d218c251cd700527b9d114fd8,1/19/2023 19:11
hash,52a0130c9ef00fe5118dd93b8f383023867a3d694d7bed10abb213db934e82c3,1/19/2023 19:11
hash,51c4531b801552accb12e1e16fb0ecddb6400eeeb3fd8022dda4c9dfe428c62d,1/19/2023 19:11
hash,4e110a75e9141f9e1dd1a2b2e5af7e3d4205303ed8374d937c14345c426b5e47,1/19/2023 19:11
hash,477526a54b84a987268dd4ad408ea24c448f7c3bb31f13b778a9f8c616b9021d,1/19/2023 19:11
hash,3c09739afdcefc7700e3bd48db576cc4156934c9556d6436e7aca7474ef638a2,1/19/2023 19:11
hash,3a14984ac9671502be98d420b6475331ffa30ab1d1e4d00155d6a168620d562d,1/19/2023 19:11
hash,37b1a2eddcb54f8cc454cafaa82be6244cebfe5a04ee8b3681107f37c2948277,1/19/2023 19:11
hash,290614b101a8a7161b5430eebbab653433c64634b39ea9b1688689b4f090689a,1/19/2023 19:11
hash,280a511cded40de2368c2a01b6d96a31d51cb56df12c326836b68e8276d0c5f1,1/19/2023 19:11
hash,23d5260c5cebf96814dda5edb06391fdbd02e0a79fb7efd9795c5415cacf2eb7,1/19/2023 19:11
hash,1db80d7e464c60cb22badfa0897ea27ecb0650a12f86f8ebf58bbeb66a3af3ad,1/19/2023 19:11
hash,177d89f01ab1b4bd8c78092f4a5d1927897d79596580ec2c23ffd4d9ad1dd351,1/19/2023 19:11
hash,15588f6d6bf9406387908474a85aad7dea7907c52fd96de4331a6dae760341fd,1/19/2023 19:11
hash,132d9ce88304ec29c10c7744c81746de8be7a205b9c8dbdfb42b058bcc34ccd1,1/19/2023 19:11
hash,0f3304c1e0f87d4250acd87eafe796969b507a9bd57bc0f6683f9c086dc8b18b,1/19/2023 19:11
hash,0bac277831d35a66305fe09300ffb818cb489e3ead7389c12496cd688e74a747,1/19/2023 19:11
hash,0a3a57af259f2b064bf9d05d8d1d19269315cb92417fdda9fa138ef7bbcbe3b9,1/19/2023 19:11
hash,05acd1bb524d73d9bc4cae24f25b445a0d9194d702263cd16305499560ae6d3a,1/19/2023 19:11
hash,d8d0990edbf63e63ceea553f7b83d361870ef7c2,1/19/2023 19:11
hash,d7edb8eb20252f9d2c31f2cbd695cccc5dad1e66,1/19/2023 19:11
hash,c9cf5de55f714877ebc2b3675375a897af68b2b1,1/19/2023 19:11
hash,c068b3700b81e5b11194ba6f976e2a5731522598,1/19/2023 19:11
hash,95ab65669b325ab5ea977e2e61102711fddc1a45,1/19/2023 19:11
hash,90da10004c8f6fafdaa2cf18922670a745564f45,1/19/2023 19:11
hash,7be805f090e34d2a2df089224cc274b083835917,1/19/2023 19:11
hash,5edb8b423584df2822234a8fb8b726c2043b2044,1/19/2023 19:11
hash,487e8f42a33b809125c344c9951a097ec79b2128,1/19/2023 19:11
hash,3f13ac036a118dcba39c86416b7562016ec90a03,1/19/2023 19:11
hash,3c54ea44595e96dbd6f04b53e6ec99f1a1847af4,1/19/2023 19:11
hash,15858ee152c3ba49677c90c465ea8c12833b46e1,1/19/2023 19:11
hash,f01a9a2d1e31332ed36c1a4d2839f412,1/19/2023 19:11
hash,c0dfcc8fec527a90a02145d2cc0bfb6d,1/19/2023 19:11
hash,a8001945a4f8b6ef9003d930c18f714d,1/19/2023 19:11
hash,a38b1b4d1c6b39a1e8cdd25b81b0a6d9,1/19/2023 19:11
hash,9adbaed8fe8106ae41229cca8bab7c83,1/19/2023 19:11
hash,97e49353a25c3f1d81a6139735697940,1/19/2023 19:11
hash,7104f3dd3738b04df0bc6993045f3b21,1/19/2023 19:11
hash,262d106aa557cb61be686a630ca8f2a6,1/19/2023 19:11
hash,1b42f1b744528c5ef0c5121023a5160d,1/19/2023 19:11
hash,1299ba5ac256ac29ced7955001c4d257,1/19/2023 19:11
hash,0fe65bbf23b0c589ad462e847e9bfcaf,1/19/2023 19:11
hash,07edf20febc120edf731c4dc0d4d3b0b,1/19/2023 19:11
hash,057ceadde03722066e4a314230949e17,1/19/2023 19:11
hostname,cloud.microsoftshop.org,1/19/2023 19:11
hash,e1fe8a17884f43cedca54c76ed3e371b64c312c9e00c865b2c6a9266cd1f596c,1/19/2023 19:11
hash,915b0f82db2d18afc9d15417d4af3741aa921181,1/19/2023 19:11
hash,912772598521aa248d304866e55eb736,1/19/2023 19:11
ip,208.85.23.64,1/19/2023 19:11
ip,23.83.224.178,1/24/2023 19:11
ip,"23.106.140.207	",1/24/2023 19:11
ip,23.228.203.130,1/24/2023 19:11
ip,23.247.47.252,1/24/2023 19:11
ip,43.225.126.179,1/24/2023 19:11
hostname,23.83.224.178.16clouds.com,1/24/2023 19:11
hostname,23.106.140.207.16clouds.com,1/24/2023 19:11
hostname,unassigned.psychz.net,1/24/2023 19:11
